ID,area_m2,WUA,HHS,d_HSI,v_HSI,watershed,scenario,year,scale
NF1,33964,13132.494033291096,0.38665922839745304,0.42303586859796855,0.49422577301746834,nf,chnk_spw,2019,geo
NF2,25509,3037.7942451284566,0.11908715532276673,0.34600834196520563,0.1331902769572282,nf,chnk_spw,2019,geo
NF3,33484,2684.8014690680443,0.080181623135469,0.31118956981308504,0.08792995062143838,nf,chnk_spw,2019,geo
NF4,22568,1665.3951512958188,0.07379453878482005,0.2732518662537552,0.09297017842112523,nf,chnk_spw,2019,geo
NF5,159,13.207077893822907,0.08306338298001828,0.45418909620369013,0.10148052651735973,nf,chnk_spw,2019,geo
